time,.linear.x,.linear.y,.linear.z,.angular.x,.angular.y,.angular.z
2016/05/14/16:16:31.529390,1.0,0.0,0.0,0.0,0.0,0.0
2016/05/14/16:16:31.579436,1.0,0.0,0.0,0.0,0.0,0.0
2016/05/14/16:16:31.629462,1.0,0.0,0.0,0.0,0.0,0.0
2016/05/14/16:16:31.679392,1.0,0.0,0.0,0.0,0.0,0.0
2016/05/14/16:16:31.729500,1.0,0.0,0.0,0.0,0.0,0.0
2016/05/14/16:16:31.779693,1.0,0.0,0.0,0.0,0.0,0.0
2016/05/14/16:16:31.829397,1.0,0.0,0.0,0.0,0.0,0.0
2016/05/14/16:16:31.879491,1.0,0.0,0.0,0.0,0.0,0.0
2016/05/14/16:16:31.929545,1.0,0.0,0.0,0.0,0.0,0.0
2016/05/14/16:16:31.979402,1.0,0.0,0.0,0.0,0.0,0.0
2016/05/14/16:16:32.029431,1.0,0.0,0.0,0.0,0.0,0.0
2016/05/14/16:16:32.079509,1.0,0.0,0.0,0.0,0.0,0.0
2016/05/14/16:16:32.129439,1.0,0.0,0.0,0.0,0.0,0.0
2016/05/14/16:16:32.179457,1.0,0.0,0.0,0.0,0.0,0.0
2016/05/14/16:16:32.229385,1.0,0.0,0.0,0.0,0.0,0.0
2016/05/14/16:16:32.279448,1.0,0.0,0.0,0.0,0.0,0.0
2016/05/14/16:16:32.329388,1.0,0.0,0.0,0.0,0.0,0.0
2016/05/14/16:16:32.379372,1.0,0.0,0.0,0.0,0.0,0.0
2016/05/14/16:16:32.429339,1.0,0.0,0.0,0.0,0.0,0.0
2016/05/14/16:16:32.479399,1.0,0.0,0.0,0.0,0.0,0.0
2016/05/14/16:16:32.529360,1.0,0.0,0.0,0.0,0.0,0.0
2016/05/14/16:16:32.579348,1.0,0.0,0.0,0.0,0.0,0.0
2016/05/14/16:16:32.629451,1.0,0.0,0.0,0.0,0.0,0.0
2016/05/14/16:16:32.679367,1.0,0.0,0.0,0.0,0.0,0.0
2016/05/14/16:16:32.729425,1.0,0.0,0.0,0.0,0.0,0.0
2016/05/14/16:16:32.779332,1.0,0.0,0.0,0.0,0.0,0.0
2016/05/14/16:16:32.829429,1.0,0.0,0.0,0.0,0.0,0.0
2016/05/14/16:16:32.879381,1.0,0.0,0.0,0.0,0.0,0.0
2016/05/14/16:16:32.929282,1.0,0.0,0.0,0.0,0.0,0.0
2016/05/14/16:16:32.979347,1.0,0.0,0.0,0.0,0.0,0.0
2016/05/14/16:16:33.029387,1.0,0.0,0.0,0.0,0.0,0.0
2016/05/14/16:16:33.079322,1.0,0.0,0.0,0.0,0.0,0.0
2016/05/14/16:16:33.129363,1.0,0.0,0.0,0.0,0.0,0.0
2016/05/14/16:16:33.179370,1.0,0.0,0.0,0.0,0.0,0.0
2016/05/14/16:16:33.229322,1.0,0.0,0.0,0.0,0.0,0.0
2016/05/14/16:16:33.279371,1.0,0.0,0.0,0.0,0.0,0.0
2016/05/14/16:16:33.329360,1.0,0.0,0.0,0.0,0.0,0.0
2016/05/14/16:16:33.379346,1.0,0.0,0.0,0.0,0.0,0.0
2016/05/14/16:16:33.429378,1.0,0.0,0.0,0.0,0.0,0.0
2016/05/14/16:16:33.479456,1.0,0.0,0.0,0.0,0.0,0.0
2016/05/14/16:16:33.529367,1.0,0.0,0.0,0.0,0.0,0.0
2016/05/14/16:16:33.579397,1.0,0.0,0.0,0.0,0.0,0.0
2016/05/14/16:16:33.629481,1.0,0.0,0.0,0.0,0.0,0.0
2016/05/14/16:16:33.679407,1.0,0.0,0.0,0.0,0.0,0.0
2016/05/14/16:16:33.729390,1.0,0.0,0.0,0.0,0.0,0.0
2016/05/14/16:16:33.779407,1.0,0.0,0.0,0.0,0.0,0.0
2016/05/14/16:16:33.829468,1.0,0.0,0.0,0.0,0.0,0.0
2016/05/14/16:16:33.879403,1.0,0.0,0.0,0.0,0.0,0.0
2016/05/14/16:16:33.929479,1.0,0.0,0.0,0.0,0.0,0.0
2016/05/14/16:16:33.979373,1.0,0.0,0.0,0.0,0.0,0.0
2016/05/14/16:16:34.029366,1.0,0.0,0.0,0.0,0.0,0.0
2016/05/14/16:16:34.079399,1.0,0.0,0.0,0.0,0.0,0.0
2016/05/14/16:16:34.129443,1.0,0.0,0.0,0.0,0.0,0.0
2016/05/14/16:16:34.179464,1.0,0.0,0.0,0.0,0.0,0.0
2016/05/14/16:16:34.229393,1.0,0.0,0.0,0.0,0.0,0.0
2016/05/14/16:16:34.279402,1.0,0.0,0.0,0.0,0.0,0.0
2016/05/14/16:16:34.329355,1.0,0.0,0.0,0.0,0.0,0.0
2016/05/14/16:16:34.379344,1.0,0.0,0.0,0.0,0.0,0.0
2016/05/14/16:16:34.429417,1.0,0.0,0.0,0.0,0.0,0.0
2016/05/14/16:16:34.479433,1.0,0.0,0.0,0.0,0.0,0.0
2016/05/14/16:16:34.529429,1.0,0.0,0.0,0.0,0.0,0.0
2016/05/14/16:16:34.579456,1.0,0.0,0.0,0.0,0.0,0.0
2016/05/14/16:16:34.629401,1.0,0.0,0.0,0.0,0.0,0.0
2016/05/14/16:16:34.679467,1.0,0.0,0.0,0.0,0.0,0.0
2016/05/14/16:16:34.729397,1.0,0.0,0.0,0.0,0.0,0.0
2016/05/14/16:16:34.779535,1.0,0.0,0.0,0.0,0.0,0.0
2016/05/14/16:16:34.829358,1.0,0.0,0.0,0.0,0.0,0.0
2016/05/14/16:16:34.879521,1.0,0.0,0.0,0.0,0.0,0.0
2016/05/14/16:16:34.929436,1.0,0.0,0.0,0.0,0.0,0.0
2016/05/14/16:16:34.979428,1.0,0.0,0.0,0.0,0.0,0.0
2016/05/14/16:16:35.029479,1.0,0.0,0.0,0.0,0.0,0.0
2016/05/14/16:16:35.079395,1.0,0.0,0.0,0.0,0.0,0.0
2016/05/14/16:16:35.129426,1.0,0.0,0.0,0.0,0.0,0.0
2016/05/14/16:16:35.179448,1.0,0.0,0.0,0.0,0.0,0.0
2016/05/14/16:16:35.229541,1.0,0.0,0.0,0.0,0.0,0.0
2016/05/14/16:16:35.279441,1.0,0.0,0.0,0.0,0.0,0.0
2016/05/14/16:16:35.329366,1.0,0.0,0.0,0.0,0.0,0.0
2016/05/14/16:16:35.379458,1.0,0.0,0.0,0.0,0.0,0.0
2016/05/14/16:16:35.429399,1.0,0.0,0.0,0.0,0.0,0.0
2016/05/14/16:16:35.479474,1.0,0.0,0.0,0.0,0.0,0.0
2016/05/14/16:16:35.529385,1.0,0.0,0.0,0.0,0.0,0.0
2016/05/14/16:16:35.579450,1.0,0.0,0.0,0.0,0.0,0.0
2016/05/14/16:16:35.629443,1.0,0.0,0.0,0.0,0.0,0.0
2016/05/14/16:16:35.679477,1.0,0.0,0.0,0.0,0.0,0.0
2016/05/14/16:16:35.729413,1.0,0.0,0.0,0.0,0.0,0.0
2016/05/14/16:16:35.779513,1.0,0.0,0.0,0.0,0.0,0.0
2016/05/14/16:16:35.829463,1.0,0.0,0.0,0.0,0.0,0.0
2016/05/14/16:16:35.879501,1.0,0.0,0.0,0.0,0.0,0.0
2016/05/14/16:16:35.929372,1.0,0.0,0.0,0.0,0.0,0.0
2016/05/14/16:16:35.979358,1.0,0.0,0.0,0.0,0.0,0.0
2016/05/14/16:16:36.029312,1.0,0.0,0.0,0.0,0.0,0.0
2016/05/14/16:16:36.079417,1.0,0.0,0.0,0.0,0.0,0.0
2016/05/14/16:16:36.129335,1.0,0.0,0.0,0.0,0.0,0.0
2016/05/14/16:16:36.179411,1.0,0.0,0.0,0.0,0.0,0.0
2016/05/14/16:16:36.229413,1.0,0.0,0.0,0.0,0.0,0.0
2016/05/14/16:16:36.279402,1.0,0.0,0.0,0.0,0.0,0.0
2016/05/14/16:16:36.329525,1.0,0.0,0.0,0.0,0.0,0.0
2016/05/14/16:16:36.379415,1.0,0.0,0.0,0.0,0.0,0.0
2016/05/14/16:16:36.429381,1.0,0.0,0.0,0.0,0.0,0.0
2016/05/14/16:16:36.479465,1.0,0.0,0.0,0.0,0.0,0.0
2016/05/14/16:16:36.529495,1.0,0.0,0.0,0.0,0.0,0.0
2016/05/14/16:16:36.579578,1.0,0.0,0.0,0.0,0.0,0.0
2016/05/14/16:16:36.629488,1.0,0.0,0.0,0.0,0.0,0.0
2016/05/14/16:16:36.679413,1.0,0.0,0.0,0.0,0.0,0.0
2016/05/14/16:16:36.729473,1.0,0.0,0.0,0.0,0.0,0.0
2016/05/14/16:16:36.779382,1.0,0.0,0.0,0.0,0.0,0.0
2016/05/14/16:16:36.829406,1.0,0.0,0.0,0.0,0.0,0.0
2016/05/14/16:16:36.879366,1.0,0.0,0.0,0.0,0.0,0.0
2016/05/14/16:16:36.929475,1.0,0.0,0.0,0.0,0.0,0.0
2016/05/14/16:16:36.979367,1.0,0.0,0.0,0.0,0.0,0.0
2016/05/14/16:16:37.029339,1.0,0.0,0.0,0.0,0.0,0.0
2016/05/14/16:16:37.079352,1.0,0.0,0.0,0.0,0.0,0.0
2016/05/14/16:16:37.129417,1.0,0.0,0.0,0.0,0.0,0.0
2016/05/14/16:16:37.179563,1.0,0.0,0.0,0.0,0.0,0.0
2016/05/14/16:16:37.229460,1.0,0.0,0.0,0.0,0.0,0.0
2016/05/14/16:16:37.279482,1.0,0.0,0.0,0.0,0.0,0.0
2016/05/14/16:16:37.329440,1.0,0.0,0.0,0.0,0.0,0.0
2016/05/14/16:16:37.379527,1.0,0.0,0.0,0.0,0.0,0.0
2016/05/14/16:16:37.429408,1.0,0.0,0.0,0.0,0.0,0.0
2016/05/14/16:16:37.479523,1.0,0.0,0.0,0.0,0.0,0.0
2016/05/14/16:16:37.529320,1.0,0.0,0.0,0.0,0.0,0.0
2016/05/14/16:16:37.579426,1.0,0.0,0.0,0.0,0.0,0.0
2016/05/14/16:16:37.629375,1.0,0.0,0.0,0.0,0.0,0.0
2016/05/14/16:16:37.679375,1.0,0.0,0.0,0.0,0.0,0.0
2016/05/14/16:16:37.729413,1.0,0.0,0.0,0.0,0.0,0.0
2016/05/14/16:16:37.779395,1.0,0.0,0.0,0.0,0.0,0.0
2016/05/14/16:16:37.829427,1.0,0.0,0.0,0.0,0.0,0.0
2016/05/14/16:16:37.879489,1.0,0.0,0.0,0.0,0.0,0.0
2016/05/14/16:16:37.929357,1.0,0.0,0.0,0.0,0.0,0.0
2016/05/14/16:16:37.979496,1.0,0.0,0.0,0.0,0.0,0.0
2016/05/14/16:16:38.029417,1.0,0.0,0.0,0.0,0.0,0.0
2016/05/14/16:16:38.079458,1.0,0.0,0.0,0.0,0.0,0.0
2016/05/14/16:16:38.129419,1.0,0.0,0.0,0.0,0.0,0.0
2016/05/14/16:16:38.179403,1.0,0.0,0.0,0.0,0.0,0.0
2016/05/14/16:16:38.229412,1.0,0.0,0.0,0.0,0.0,0.0
2016/05/14/16:16:38.279452,1.0,0.0,0.0,0.0,0.0,0.0
2016/05/14/16:16:38.329391,1.0,0.0,0.0,0.0,0.0,0.0
2016/05/14/16:16:38.379443,1.0,0.0,0.0,0.0,0.0,0.0
2016/05/14/16:16:38.429427,1.0,0.0,0.0,0.0,0.0,0.0
2016/05/14/16:16:38.479407,1.0,0.0,0.0,0.0,0.0,0.0
2016/05/14/16:16:38.529346,1.0,0.0,0.0,0.0,0.0,0.0
2016/05/14/16:16:38.579383,1.0,0.0,0.0,0.0,0.0,0.0
2016/05/14/16:16:38.629472,1.0,0.0,0.0,0.0,0.0,0.0
2016/05/14/16:16:38.679336,1.0,0.0,0.0,0.0,0.0,0.0
2016/05/14/16:16:38.729471,1.0,0.0,0.0,0.0,0.0,0.0
2016/05/14/16:16:38.779459,1.0,0.0,0.0,0.0,0.0,0.0
2016/05/14/16:16:38.829315,1.0,0.0,0.0,0.0,0.0,0.0
2016/05/14/16:16:38.879324,1.0,0.0,0.0,0.0,0.0,0.0
2016/05/14/16:16:38.929406,1.0,0.0,0.0,0.0,0.0,0.0
2016/05/14/16:16:38.979449,1.0,0.0,0.0,0.0,0.0,0.0
2016/05/14/16:16:39.029525,1.0,0.0,0.0,0.0,0.0,0.0
2016/05/14/16:16:39.079574,1.0,0.0,0.0,0.0,0.0,0.0
2016/05/14/16:16:39.129559,1.0,0.0,0.0,0.0,0.0,0.0
2016/05/14/16:16:39.179387,1.0,0.0,0.0,0.0,0.0,0.0
2016/05/14/16:16:39.229534,1.0,0.0,0.0,0.0,0.0,0.0
2016/05/14/16:16:39.279436,1.0,0.0,0.0,0.0,0.0,0.0
2016/05/14/16:16:39.329486,1.0,0.0,0.0,0.0,0.0,0.0
2016/05/14/16:16:39.379468,1.0,0.0,0.0,0.0,0.0,0.0
2016/05/14/16:16:39.429429,1.0,0.0,0.0,0.0,0.0,0.0
2016/05/14/16:16:39.479390,1.0,0.0,0.0,0.0,0.0,0.0
2016/05/14/16:16:39.529445,1.0,0.0,0.0,0.0,0.0,0.0
2016/05/14/16:16:39.579406,1.0,0.0,0.0,0.0,0.0,0.0
2016/05/14/16:16:39.629384,1.0,0.0,0.0,0.0,0.0,0.0
2016/05/14/16:16:39.679449,1.0,0.0,0.0,0.0,0.0,0.0
2016/05/14/16:16:39.729461,1.0,0.0,0.0,0.0,0.0,0.0
2016/05/14/16:16:39.779417,1.0,0.0,0.0,0.0,0.0,0.0
2016/05/14/16:16:39.829417,1.0,0.0,0.0,0.0,0.0,0.0
2016/05/14/16:16:39.879503,1.0,0.0,0.0,0.0,0.0,0.0
2016/05/14/16:16:39.929428,1.0,0.0,0.0,0.0,0.0,0.0
2016/05/14/16:16:39.979347,1.0,0.0,0.0,0.0,0.0,0.0
2016/05/14/16:16:40.029407,1.0,0.0,0.0,0.0,0.0,0.0
2016/05/14/16:16:40.079409,1.0,0.0,0.0,0.0,0.0,0.0
2016/05/14/16:16:40.129673,1.0,0.0,0.0,0.0,0.0,0.0
2016/05/14/16:16:40.179298,1.0,0.0,0.0,0.0,0.0,0.0
2016/05/14/16:16:40.229368,1.0,0.0,0.0,0.0,0.0,0.0
2016/05/14/16:16:40.279345,1.0,0.0,0.0,0.0,0.0,0.0
2016/05/14/16:16:40.329394,1.0,0.0,0.0,0.0,0.0,0.0
2016/05/14/16:16:40.379441,1.0,0.0,0.0,0.0,0.0,0.0
2016/05/14/16:16:40.429443,1.0,0.0,0.0,0.0,0.0,0.1
2016/05/14/16:16:40.479340,1.0,0.0,0.0,0.0,0.0,0.1
2016/05/14/16:16:40.529558,1.0,0.0,0.0,0.0,0.0,0.1
2016/05/14/16:16:40.579384,1.0,0.0,0.0,0.0,0.0,0.1
2016/05/14/16:16:40.629450,1.0,0.0,0.0,0.0,0.0,0.1
2016/05/14/16:16:40.679410,1.0,0.0,0.0,0.0,0.0,0.1
2016/05/14/16:16:40.729421,1.0,0.0,0.0,0.0,0.0,0.1
2016/05/14/16:16:40.779391,1.0,0.0,0.0,0.0,0.0,0.1
2016/05/14/16:16:40.829378,1.0,0.0,0.0,0.0,0.0,0.1
2016/05/14/16:16:40.879435,1.0,0.0,0.0,0.0,0.0,0.1
2016/05/14/16:16:40.929487,1.0,0.0,0.0,0.0,0.0,0.1
2016/05/14/16:16:40.979379,1.0,0.0,0.0,0.0,0.0,0.1
2016/05/14/16:16:41.029376,1.0,0.0,0.0,0.0,0.0,0.1
2016/05/14/16:16:41.079312,1.0,0.0,0.0,0.0,0.0,0.1
2016/05/14/16:16:41.129392,1.0,0.0,0.0,0.0,0.0,0.1
2016/05/14/16:16:41.179495,1.0,0.0,0.0,0.0,0.0,0.1
2016/05/14/16:16:41.229449,1.0,0.0,0.0,0.0,0.0,0.1
2016/05/14/16:16:41.279387,1.0,0.0,0.0,0.0,0.0,0.1
2016/05/14/16:16:41.329367,1.0,0.0,0.0,0.0,0.0,0.1
2016/05/14/16:16:41.379377,1.0,0.0,0.0,0.0,0.0,0.1
2016/05/14/16:16:41.429274,1.0,0.0,0.0,0.0,0.0,0.1
2016/05/14/16:16:41.479402,1.0,0.0,0.0,0.0,0.0,0.1
2016/05/14/16:16:41.529368,1.0,0.0,0.0,0.0,0.0,0.1
2016/05/14/16:16:41.579442,1.0,0.0,0.0,0.0,0.0,0.1
2016/05/14/16:16:41.629399,1.0,0.0,0.0,0.0,0.0,0.1
2016/05/14/16:16:41.679407,1.0,0.0,0.0,0.0,0.0,0.1
2016/05/14/16:16:41.729495,1.0,0.0,0.0,0.0,0.0,0.1
2016/05/14/16:16:41.779412,1.0,0.0,0.0,0.0,0.0,0.1
2016/05/14/16:16:41.829460,1.0,0.0,0.0,0.0,0.0,0.1
2016/05/14/16:16:41.879380,1.0,0.0,0.0,0.0,0.0,0.1
2016/05/14/16:16:41.929393,1.0,0.0,0.0,0.0,0.0,0.1
2016/05/14/16:16:41.979523,1.0,0.0,0.0,0.0,0.0,0.1
2016/05/14/16:16:42.029356,1.0,0.0,0.0,0.0,0.0,0.1
2016/05/14/16:16:42.079425,1.0,0.0,0.0,0.0,0.0,0.1
2016/05/14/16:16:42.129399,1.0,0.0,0.0,0.0,0.0,0.1
2016/05/14/16:16:42.179361,1.0,0.0,0.0,0.0,0.0,0.1
2016/05/14/16:16:42.229384,1.0,0.0,0.0,0.0,0.0,0.1
2016/05/14/16:16:42.279410,1.0,0.0,0.0,0.0,0.0,0.1
2016/05/14/16:16:42.329468,1.0,0.0,0.0,0.0,0.0,0.1
2016/05/14/16:16:42.379402,1.0,0.0,0.0,0.0,0.0,0.1
2016/05/14/16:16:42.429520,1.0,0.0,0.0,0.0,0.0,0.1
2016/05/14/16:16:42.479379,1.0,0.0,0.0,0.0,0.0,0.1
2016/05/14/16:16:42.529443,1.0,0.0,0.0,0.0,0.0,0.1
2016/05/14/16:16:42.579418,1.0,0.0,0.0,0.0,0.0,0.1
2016/05/14/16:16:42.629421,1.0,0.0,0.0,0.0,0.0,0.1
2016/05/14/16:16:42.679550,1.0,0.0,0.0,0.0,0.0,0.1
2016/05/14/16:16:42.729488,1.0,0.0,0.0,0.0,0.0,0.1
2016/05/14/16:16:42.779484,1.0,0.0,0.0,0.0,0.0,0.1
2016/05/14/16:16:42.829492,1.0,0.0,0.0,0.0,0.0,0.1
2016/05/14/16:16:42.879404,1.0,0.0,0.0,0.0,0.0,0.1
2016/05/14/16:16:42.929487,1.0,0.0,0.0,0.0,0.0,0.1
2016/05/14/16:16:42.979399,1.0,0.0,0.0,0.0,0.0,0.1
2016/05/14/16:16:43.029352,1.0,0.0,0.0,0.0,0.0,0.1
2016/05/14/16:16:43.079403,1.0,0.0,0.0,0.0,0.0,0.1
2016/05/14/16:16:43.129370,1.0,0.0,0.0,0.0,0.0,0.1
2016/05/14/16:16:43.179365,1.0,0.0,0.0,0.0,0.0,0.1
2016/05/14/16:16:43.229357,1.0,0.0,0.0,0.0,0.0,0.1
2016/05/14/16:16:43.279348,1.0,0.0,0.0,0.0,0.0,0.1
2016/05/14/16:16:43.329359,1.0,0.0,0.0,0.0,0.0,0.1
2016/05/14/16:16:43.379357,1.0,0.0,0.0,0.0,0.0,0.1
2016/05/14/16:16:43.429355,1.0,0.0,0.0,0.0,0.0,0.1
2016/05/14/16:16:43.479358,1.0,0.0,0.0,0.0,0.0,0.1
2016/05/14/16:16:43.529362,1.0,0.0,0.0,0.0,0.0,0.1
2016/05/14/16:16:43.579444,1.0,0.0,0.0,0.0,0.0,0.1
2016/05/14/16:16:43.629376,1.0,0.0,0.0,0.0,0.0,0.1
2016/05/14/16:16:43.679405,1.0,0.0,0.0,0.0,0.0,0.1
2016/05/14/16:16:43.729506,1.0,0.0,0.0,0.0,0.0,0.1
2016/05/14/16:16:43.779319,1.0,0.0,0.0,0.0,0.0,0.1
2016/05/14/16:16:43.829376,1.0,0.0,0.0,0.0,0.0,0.1
2016/05/14/16:16:43.879406,1.0,0.0,0.0,0.0,0.0,0.1
2016/05/14/16:16:43.929399,1.0,0.0,0.0,0.0,0.0,0.1
2016/05/14/16:16:43.979331,1.0,0.0,0.0,0.0,0.0,0.1
2016/05/14/16:16:44.029392,1.0,0.0,0.0,0.0,0.0,0.1
2016/05/14/16:16:44.079403,1.0,0.0,0.0,0.0,0.0,0.1
2016/05/14/16:16:44.129376,1.0,0.0,0.0,0.0,0.0,0.1
2016/05/14/16:16:44.179448,1.0,0.0,0.0,0.0,0.0,0.1
2016/05/14/16:16:44.229504,1.0,0.0,0.0,0.0,0.0,0.1
2016/05/14/16:16:44.279484,1.0,0.0,0.0,0.0,0.0,0.1
2016/05/14/16:16:44.329421,1.0,0.0,0.0,0.0,0.0,0.1
2016/05/14/16:16:44.379450,1.0,0.0,0.0,0.0,0.0,0.1
2016/05/14/16:16:44.429422,1.0,0.0,0.0,0.0,0.0,0.1
2016/05/14/16:16:44.479438,1.0,0.0,0.0,0.0,0.0,0.1
2016/05/14/16:16:44.529323,1.0,0.0,0.0,0.0,0.0,0.1
2016/05/14/16:16:44.579322,1.0,0.0,0.0,0.0,0.0,0.1
2016/05/14/16:16:44.629448,1.0,0.0,0.0,0.0,0.0,0.1
2016/05/14/16:16:44.679532,1.0,0.0,0.0,0.0,0.0,0.1
2016/05/14/16:16:44.729469,1.0,0.0,0.0,0.0,0.0,0.1
2016/05/14/16:16:44.779319,1.0,0.0,0.0,0.0,0.0,0.1
2016/05/14/16:16:44.829457,1.0,0.0,0.0,0.0,0.0,0.1
2016/05/14/16:16:44.879334,1.0,0.0,0.0,0.0,0.0,0.1
2016/05/14/16:16:44.929464,1.0,0.0,0.0,0.0,0.0,0.1
2016/05/14/16:16:44.979337,1.0,0.0,0.0,0.0,0.0,0.1
2016/05/14/16:16:45.029486,1.0,0.0,0.0,0.0,0.0,0.1
2016/05/14/16:16:45.079359,1.0,0.0,0.0,0.0,0.0,0.1
2016/05/14/16:16:45.129508,1.0,0.0,0.0,0.0,0.0,0.1
2016/05/14/16:16:45.179480,1.0,0.0,0.0,0.0,0.0,0.1
2016/05/14/16:16:45.229444,1.0,0.0,0.0,0.0,0.0,0.1
2016/05/14/16:16:45.279505,1.0,0.0,0.0,0.0,0.0,0.1
2016/05/14/16:16:45.329376,1.0,0.0,0.0,0.0,0.0,0.1
2016/05/14/16:16:45.379539,1.0,0.0,0.0,0.0,0.0,0.1
2016/05/14/16:16:45.429364,1.0,0.0,0.0,0.0,0.0,0.1
2016/05/14/16:16:45.479458,1.0,0.0,0.0,0.0,0.0,0.1
2016/05/14/16:16:45.529520,1.0,0.0,0.0,0.0,0.0,0.1
2016/05/14/16:16:45.579552,1.0,0.0,0.0,0.0,0.0,0.1
2016/05/14/16:16:45.629509,1.0,0.0,0.0,0.0,0.0,0.1
2016/05/14/16:16:45.679523,1.0,0.0,0.0,0.0,0.0,0.1
2016/05/14/16:16:45.729410,1.0,0.0,0.0,0.0,0.0,0.1
2016/05/14/16:16:45.779454,1.0,0.0,0.0,0.0,0.0,0.1
2016/05/14/16:16:45.829395,1.0,0.0,0.0,0.0,0.0,0.1
2016/05/14/16:16:45.879442,1.0,0.0,0.0,0.0,0.0,0.1
2016/05/14/16:16:45.929340,1.0,0.0,0.0,0.0,0.0,0.1
2016/05/14/16:16:45.979417,1.0,0.0,0.0,0.0,0.0,0.1
2016/05/14/16:16:46.029439,1.0,0.0,0.0,0.0,0.0,0.1
2016/05/14/16:16:46.079487,1.0,0.0,0.0,0.0,0.0,0.1
2016/05/14/16:16:46.129407,1.0,0.0,0.0,0.0,0.0,0.1
2016/05/14/16:16:46.179406,1.0,0.0,0.0,0.0,0.0,0.1
2016/05/14/16:16:46.229322,1.0,0.0,0.0,0.0,0.0,0.1
2016/05/14/16:16:46.279454,1.0,0.0,0.0,0.0,0.0,0.1
2016/05/14/16:16:46.329419,1.0,0.0,0.0,0.0,0.0,0.1
2016/05/14/16:16:46.379347,1.0,0.0,0.0,0.0,0.0,0.1
2016/05/14/16:16:46.429477,1.0,0.0,0.0,0.0,0.0,0.1
2016/05/14/16:16:46.479437,1.0,0.0,0.0,0.0,0.0,0.1
2016/05/14/16:16:46.529404,1.0,0.0,0.0,0.0,0.0,0.1
2016/05/14/16:16:46.579469,1.0,0.0,0.0,0.0,0.0,0.1
2016/05/14/16:16:46.629344,1.0,0.0,0.0,0.0,0.0,0.1
2016/05/14/16:16:46.679380,1.0,0.0,0.0,0.0,0.0,0.1
2016/05/14/16:16:46.729343,1.0,0.0,0.0,0.0,0.0,0.1
2016/05/14/16:16:46.779385,1.0,0.0,0.0,0.0,0.0,0.1
2016/05/14/16:16:46.829473,1.0,0.0,0.0,0.0,0.0,0.1
2016/05/14/16:16:46.879441,1.0,0.0,0.0,0.0,0.0,0.1
2016/05/14/16:16:46.929327,1.0,0.0,0.0,0.0,0.0,0.1
2016/05/14/16:16:46.979446,1.0,0.0,0.0,0.0,0.0,0.1
2016/05/14/16:16:47.029418,1.0,0.0,0.0,0.0,0.0,0.1
2016/05/14/16:16:47.079428,1.0,0.0,0.0,0.0,0.0,0.1
2016/05/14/16:16:47.129396,1.0,0.0,0.0,0.0,0.0,0.1
2016/05/14/16:16:47.179492,1.0,0.0,0.0,0.0,0.0,0.1
2016/05/14/16:16:47.229390,1.0,0.0,0.0,0.0,0.0,0.1
2016/05/14/16:16:47.279366,1.0,0.0,0.0,0.0,0.0,0.1
2016/05/14/16:16:47.329435,1.0,0.0,0.0,0.0,0.0,0.1
2016/05/14/16:16:47.379444,1.0,0.0,0.0,0.0,0.0,0.1
2016/05/14/16:16:47.429293,1.0,0.0,0.0,0.0,0.0,0.1
2016/05/14/16:16:47.479398,1.0,0.0,0.0,0.0,0.0,0.1
2016/05/14/16:16:47.529388,1.0,0.0,0.0,0.0,0.0,0.1
2016/05/14/16:16:47.579390,1.0,0.0,0.0,0.0,0.0,0.1
2016/05/14/16:16:47.629392,1.0,0.0,0.0,0.0,0.0,0.1
2016/05/14/16:16:47.679415,1.0,0.0,0.0,0.0,0.0,0.1
2016/05/14/16:16:47.729353,1.0,0.0,0.0,0.0,0.0,0.1
2016/05/14/16:16:47.779344,1.0,0.0,0.0,0.0,0.0,0.1
2016/05/14/16:16:47.829334,1.0,0.0,0.0,0.0,0.0,0.1
2016/05/14/16:16:47.879368,1.0,0.0,0.0,0.0,0.0,0.1
2016/05/14/16:16:47.929378,1.0,0.0,0.0,0.0,0.0,0.1
2016/05/14/16:16:47.979431,1.0,0.0,0.0,0.0,0.0,0.1
2016/05/14/16:16:48.029447,1.0,0.0,0.0,0.0,0.0,0.1
2016/05/14/16:16:48.079438,1.0,0.0,0.0,0.0,0.0,0.1
2016/05/14/16:16:48.129396,1.0,0.0,0.0,0.0,0.0,0.1
2016/05/14/16:16:48.179402,1.0,0.0,0.0,0.0,0.0,0.1
2016/05/14/16:16:48.229373,1.0,0.0,0.0,0.0,0.0,0.1
2016/05/14/16:16:48.279498,1.0,0.0,0.0,0.0,0.0,0.1
2016/05/14/16:16:48.329431,1.0,0.0,0.0,0.0,0.0,0.1
2016/05/14/16:16:48.379397,1.0,0.0,0.0,0.0,0.0,0.1
2016/05/14/16:16:48.429418,1.0,0.0,0.0,0.0,0.0,0.1
2016/05/14/16:16:48.479550,1.0,0.0,0.0,0.0,0.0,0.1
2016/05/14/16:16:48.529408,1.0,0.0,0.0,0.0,0.0,0.1
2016/05/14/16:16:48.579457,1.0,0.0,0.0,0.0,0.0,0.1
2016/05/14/16:16:48.629425,1.0,0.0,0.0,0.0,0.0,0.1
2016/05/14/16:16:48.679479,1.0,0.0,0.0,0.0,0.0,0.1
2016/05/14/16:16:48.729466,1.0,0.0,0.0,0.0,0.0,0.1
2016/05/14/16:16:48.779400,1.0,0.0,0.0,0.0,0.0,0.1
2016/05/14/16:16:48.829397,1.0,0.0,0.0,0.0,0.0,0.1
2016/05/14/16:16:48.879429,1.0,0.0,0.0,0.0,0.0,0.1
2016/05/14/16:16:48.929353,1.0,0.0,0.0,0.0,0.0,0.1
2016/05/14/16:16:48.979458,1.0,0.0,0.0,0.0,0.0,0.1
2016/05/14/16:16:49.029362,1.0,0.0,0.0,0.0,0.0,0.1
2016/05/14/16:16:49.079383,1.0,0.0,0.0,0.0,0.0,0.1
2016/05/14/16:16:49.129381,1.0,0.0,0.0,0.0,0.0,0.1
2016/05/14/16:16:49.179438,1.0,0.0,0.0,0.0,0.0,0.1
2016/05/14/16:16:49.229494,1.0,0.0,0.0,0.0,0.0,0.1
2016/05/14/16:16:49.279409,1.0,0.0,0.0,0.0,0.0,0.1
2016/05/14/16:16:49.329433,1.0,0.0,0.0,0.0,0.0,0.1
2016/05/14/16:16:49.379435,1.0,0.0,0.0,0.0,0.0,0.1
2016/05/14/16:16:49.429289,1.0,0.0,0.0,0.0,0.0,0.1
2016/05/14/16:16:49.479373,1.0,0.0,0.0,0.0,0.0,0.1
2016/05/14/16:16:49.529355,1.0,0.0,0.0,0.0,0.0,0.1
2016/05/14/16:16:49.579371,1.0,0.0,0.0,0.0,0.0,0.1
2016/05/14/16:16:49.629508,1.0,0.0,0.0,0.0,0.0,0.1
2016/05/14/16:16:49.679394,1.0,0.0,0.0,0.0,0.0,0.1
2016/05/14/16:16:49.729388,1.0,0.0,0.0,0.0,0.0,0.1
2016/05/14/16:16:49.779416,1.0,0.0,0.0,0.0,0.0,0.1
2016/05/14/16:16:49.829431,1.0,0.0,0.0,0.0,0.0,0.1
2016/05/14/16:16:49.879405,1.0,0.0,0.0,0.0,0.0,0.1
2016/05/14/16:16:49.929358,1.0,0.0,0.0,0.0,0.0,0.1
2016/05/14/16:16:49.979402,1.0,0.0,0.0,0.0,0.0,0.1
2016/05/14/16:16:50.029349,1.0,0.0,0.0,0.0,0.0,0.1
2016/05/14/16:16:50.079375,1.0,0.0,0.0,0.0,0.0,0.1
2016/05/14/16:16:50.129392,1.0,0.0,0.0,0.0,0.0,0.1
2016/05/14/16:16:50.179474,1.0,0.0,0.0,0.0,0.0,0.1
2016/05/14/16:16:50.229340,1.0,0.0,0.0,0.0,0.0,0.1
2016/05/14/16:16:50.279435,1.0,0.0,0.0,0.0,0.0,0.1
2016/05/14/16:16:50.329393,1.0,0.0,0.0,0.0,0.0,0.1
2016/05/14/16:16:50.379375,1.0,0.0,0.0,0.0,0.0,0.1
2016/05/14/16:16:50.429337,0.0,0.0,0.0,0.0,0.0,0.0
2016/05/14/16:16:50.479333,0.0,0.0,0.0,0.0,0.0,0.0
2016/05/14/16:16:50.529315,0.0,0.0,0.0,0.0,0.0,0.0
2016/05/14/16:16:50.579308,0.0,0.0,0.0,0.0,0.0,0.0
2016/05/14/16:16:50.629294,0.0,0.0,0.0,0.0,0.0,0.0
2016/05/14/16:16:50.679410,0.0,0.0,0.0,0.0,0.0,0.0
2016/05/14/16:16:50.729350,0.0,0.0,0.0,0.0,0.0,0.0
2016/05/14/16:16:50.779439,0.0,0.0,0.0,0.0,0.0,0.0
2016/05/14/16:16:50.829528,0.0,0.0,0.0,0.0,0.0,0.0
2016/05/14/16:16:50.879492,0.0,0.0,0.0,0.0,0.0,0.0
2016/05/14/16:16:50.929495,0.0,0.0,0.0,0.0,0.0,0.0
2016/05/14/16:16:50.979416,0.0,0.0,0.0,0.0,0.0,0.0
2016/05/14/16:16:51.029441,0.0,0.0,0.0,0.0,0.0,0.0
2016/05/14/16:16:51.079425,0.0,0.0,0.0,0.0,0.0,0.0
2016/05/14/16:16:51.129554,0.0,0.0,0.0,0.0,0.0,0.0
2016/05/14/16:16:51.179437,0.0,0.0,0.0,0.0,0.0,0.0
2016/05/14/16:16:51.229364,0.0,0.0,0.0,0.0,0.0,0.0
2016/05/14/16:16:51.279584,0.0,0.0,0.0,0.0,0.0,0.0
2016/05/14/16:16:51.329549,0.0,0.0,0.0,0.0,0.0,0.0
2016/05/14/16:16:51.379391,0.0,0.0,0.0,0.0,0.0,0.0
